Modelo,AUC (CV),AUC_mean,Accuracy (CV),Accuracy_mean,Recall (CV),Recall_mean,Precision (CV),Precision_mean,F1 (CV),F1_mean
"SVC (RBF, C=10)",0.6843 ± 0.0247,0.6843064516129033,0.6410 ± 0.0311,0.6409657947686116,0.5563 ± 0.0975,0.5563440860215053,0.5853 ± 0.0338,0.585344827586207,0.5676 ± 0.0604,0.5676262869655468
RandomForest (100x10),0.6749 ± 0.0304,0.6749086021505376,0.6410 ± 0.0523,0.6410060362173037,0.5172 ± 0.1111,0.5172043010752688,0.5938 ± 0.0702,0.5937758478081059,0.5489 ± 0.0849,0.5488755210645279
GradientBoosting (100x3),0.6473 ± 0.0437,0.6473467741935484,0.6181 ± 0.0291,0.6181086519114689,0.5101 ± 0.0512,0.5101075268817205,0.5665 ± 0.0504,0.5665371859524784,0.5341 ± 0.0310,0.5341268295096466
LogisticRegression (L2),0.6279 ± 0.0500,0.6279247311827956,0.5981 ± 0.0512,0.5980684104627767,0.5428 ± 0.0660,0.5427956989247312,0.5340 ± 0.0651,0.533958633958634,0.5371 ± 0.0599,0.5370714922900472
